Age,Height,Weight,BMI,Waist_Circumference,Hip_Circumference,Visceral_Fat,SBP,DBP,FBS,Insulin,Total_Cholesterol,LDL_C,HDL_C,Triglycerides,Smoking,Exercise,Family_History
30.850142459033698,163.79552917056836,91.0316883838868,32.52725959566022,112.78080573479359,119.10833973841652,13.213934260796554,124.5226415370949,80.01823846973699,145.22509337908843,22.345620254666027,4.991484083409514,2.7023508409622465,1.2328172790053333,1.1899416982448394,0,0,0
28.945207096486445,165.95814375144707,93.68171412074392,32.987364434623196,121.19134739369849,123.4270710171297,12.603916602771012,129.1917629767549,85.48132708938579,137.59725682385803,23.442846913205624,4.729232571648137,2.8535842475041022,1.1018535433736996,1.9778646914635885,0,1,1
31.303065614302078,163.7880537143942,96.88409315701782,35.11310317655311,111.89673662326607,111.76856706175508,12.44098268444937,128.761939233007,81.89498006683412,119.73441023832191,25.290619196454237,4.723811578870474,3.0738794362826876,1.17689109781725,1.8148600301803217,1,0,0
33.929089569224075,180.96594729156257,100.10550163561179,34.23312666448953,113.62541569816764,118.93703543412921,12.529427658041472,123.3566336597622,77.89789327724743,126.98036148993624,19.642954566509832,5.184571898195517,2.7808826341588078,1.1515110880938153,1.402706086973824,0,0,1
28.65753987582999,167.90551942683447,92.83190481077354,32.94535969434944,112.44850880603164,119.23803117699369,13.415877948703073,130.1100431215673,79.16643701759011,139.23837804430636,26.384652313476064,5.0888957221458115,2.703333881330071,1.1617211318258598,1.0917163677272805,0,0,0
28.65758912915246,160.5960234973087,94.29948111668091,34.509901149670036,108.47962686833164,121.32579148710924,13.917782369779971,131.02353036865705,84.04859212127137,125.41631374066854,18.214409965118527,5.084728372600225,3.023106163447574,1.057238825937344,1.8584680935413531,0,0,0
34.097638446522176,173.75781438472234,89.69610112996985,33.88561632402206,116.56987985080256,113.25069715648766,13.840428959196021,133.37373059428876,79.11371678899002,133.4767359970236,21.815015374092365,5.256917582504016,3.023489971332617,1.152941220911073,1.4913650386868456,1,0,1
31.662304187458727,159.45409445020283,89.24674287959664,35.192967485799336,115.2017656144037,112.9166735476629,14.501019898843227,133.24210923415706,82.42760506353692,135.79243837400537,23.295219977132685,4.807351344571466,2.7979170473886614,1.2097597949494538,1.8294540779933655,0,0,1
27.951576842195145,169.4620451650333,99.29040511197098,32.68692035918397,115.33861181465066,120.28626626246759,13.524002270253487,122.30048784419309,81.82950143966335,123.88148669895342,22.680569299633596,5.038683539953238,2.8086885083145035,1.3241372329354049,1.1213930853014082,0,0,0
30.987680130757894,154.28230913284156,102.00897614285411,33.24850678010335,109.3871439082184,119.38643869293274,15.25264089258878,124.27978732038194,79.38939878337965,129.9533225075674,20.873186524522342,4.691406635192291,3.019614981207291,1.2651124991302247,1.370156244261557,0,0,0
27.969746921562614,158.70269765771098,94.86772539209832,33.15183777030177,117.47978008827634,119.2004714013835,13.190811800114451,130.81765870243896,89.17380431263864,107.6811286195165,21.70234106344898,4.913458223370956,2.515574697550803,1.4083818949013867,1.5213109249295458,0,0,1
27.962810739289228,169.37802865108387,100.24544048946011,31.544727577801822,107.66352128022702,119.5842928379879,16.77260299990754,130.81203677910494,83.88871657811305,123.19928651065997,21.132583694845867,4.754449930971311,2.5277608676870336,1.057918292453434,1.5317451484411855,0,0,1
30.085886814698103,173.16926605996787,97.03595612523816,34.18418041559686,114.62399982830094,115.47840111368603,14.259200817318005,130.8177145883772,74.58200094669837,128.60202294024788,20.939856050275107,4.833948587747452,2.734466733624269,1.2546784764064813,1.4074836321301891,0,0,0
23.620159266026604,169.1995779683298,92.00217722697437,34.131582908269834,120.23659469033493,119.127514788644,12.47981093230046,145.83729170794624,82.322590101693,121.63551772624606,23.81778975820558,5.0083049589029205,2.885965854486446,1.1720010406886021,1.6757124830868748,0,0,0
24.1852465024609,167.19046202328232,97.03475402754206,33.747670184963695,109.10312286204258,119.37078989319473,12.223329002326663,131.06900729811926,79.35374737331064,141.79687912752146,22.832616536093624,4.5136227608682855,3.0432722696794015,1.4127763519861205,1.2530948926543515,0,0,0
27.673137412277082,165.89227413087497,102.91795883232984,33.38811929993728,110.58795794639029,115.34109432789452,14.08736689829182,133.6100453808127,84.65351667178679,120.35901035427557,20.732766373642225,5.532335546489912,3.3926068650848658,1.0530042057573819,1.4844051287446767,0,0,0
26.321506638996727,157.65034606742802,95.04864580445023,31.616943886924382,112.91877977780673,125.66159804457902,13.240244657608978,132.7930079357194,78.89617741548555,127.28968859312111,23.917785315030034,4.447893916475105,3.207297886960606,1.0492333789383068,1.5500739079279748,1,0,0
30.30274199778582,162.96109054123704,103.05099427907003,33.109032015851966,110.8078352105933,120.09383168364715,14.365200592910508,131.4312606308761,81.26842245486586,131.28518404100265,22.73318460591675,4.375033985524294,2.902018441010972,1.0780728825467172,1.6486097085146874,0,0,0
26.635927773436368,164.7755286032815,82.12905047955127,33.22592822520985,107.14267799126853,113.4332860111894,14.076285149488251,127.08128839911845,83.43745547643161,140.4589130234628,23.744309801841453,5.205338805725025,2.9442951376291937,0.8951325130828232,1.6979037195222224,0,0,0
25.123088895994126,175.3998555835324,99.3372885218761,32.53658409616757,112.80997041182108,120.82471443453531,13.42100530481175,131.91536149221972,84.70014317959543,120.31896494174393,23.377843248010755,5.077081942887029,2.6492411906086577,1.0869093973983086,1.2388394770405327,1,0,1
33.75694630676466,170.40532802697922,95.66301134119085,33.498071432500986,108.85193700195863,114.2997733190907,12.492247538317912,125.02228653458093,77.46896257530479,138.5121462650847,20.460595542319385,5.018441935968255,2.944446059202283,1.0589040806135561,1.1364714573160946,0,0,0
28.682671098540393,155.65871891246087,93.73273924767065,34.34607628522181,114.22757350722313,121.34683841496981,11.69058333037696,127.43431626966996,80.49924567455668,130.4416314271371,20.998223483769593,5.019920928242499,2.863402408323959,1.1680472543771447,1.8394192054746272,0,0,0
29.56258461406377,170.26858778576357,95.6865798826775,36.569278851815795,109.35201518018168,122.83288231602961,12.972582057519572,126.31586403476904,80.00769141093666,123.49943944266435,23.613172774410057,4.795713629503581,3.046815568101427,1.1910107170932591,1.603078502994898,1,0,1
25.08575544135963,165.3044240370858,85.28993142699552,34.00186671924776,117.99477041756138,114.91577072659315,14.536078553188165,128.86843362723846,79.383347685992,133.6047243198429,23.33932609503046,4.48596096997996,2.701830716934303,1.3751405007059063,1.3328783658608616,1,0,1
27.72685182642445,163.2615459978583,94.12941656081243,34.12632558608415,109.82861347682316,122.05200451697728,13.765312492956243,138.9159635500308,87.84908984098384,131.7634178690143,22.076782376235236,4.826531595367805,3.1058039542723517,1.264050860582326,1.9077879938806308,0,0,0
29.6927677691296,172.28173402188608,97.01333885755872,33.62833112635075,111.44278469328013,119.84962370774599,12.013513465545612,120.09730663333713,83.08743598836335,126.16848185988844,22.353240330781095,4.562993400970762,3.4098216739007734,1.0807715613205116,1.5489186585732146,1,0,0
25.90701926773309,175.21699665747167,102.61724622370757,30.86184317705144,115.41731026079384,121.48674063997795,13.716217111021416,131.5881708566853,77.25690615982734,130.85861459493015,24.67391535574038,5.141291906696214,2.9173719554629427,1.042190239438197,1.8148242960159566,0,0,0
30.487094055037016,174.5189608338134,92.63642490863175,33.70022918682618,108.26197489248115,125.78567193061579,13.970780855674603,121.24277857964657,84.88251681469171,127.67280482196769,20.935442786491873,4.7485299164742525,3.0705135166296826,1.2090303005807805,1.5368796203525272,0,0,0
56.61066103922728,173.25970986360252,87.87876887963752,32.50049315793042,102.27637379599814,119.62597195433077,11.116044991771316,136.92190364968934,90.20108299814984,131.5986773887412,18.262527784294665,6.508046253204017,4.102323445818523,1.1350804509106216,2.9398388591465006,0,0,0
62.04039090760167,156.3141630321504,88.15400906090188,33.55630991638685,113.55342611811216,103.00612076642797,13.711211941614767,139.86831640036945,92.63395234142737,143.86695186108483,21.915335101122803,6.407168763419077,4.383163562519356,1.039231716685533,2.821158420728192,1,0,0
59.16094776414709,171.80352134665955,92.28906071189147,31.23497540171788,107.64697235497354,117.97602740768986,11.44748477700446,142.79740972594877,91.08355350326639,148.22501556936407,22.37831053488741,6.297545910887553,4.739657208770302,1.2228140658539368,2.6049075924800436,0,0,1
57.16323887120698,163.36163368737908,88.21187759589867,31.595187597059944,106.70591625518404,118.59434076999052,15.089753018381238,145.00946559211107,85.78789474451465,142.57358792492798,18.39580945140875,6.493336141356203,4.250274921678103,0.9688329237528877,2.4282658055736066,1,0,1
59.49028134727242,171.99419068015212,91.76567428448205,30.53185442632654,104.65763468658942,105.31643907036741,10.485684710539534,139.4141528408094,91.79229247852088,149.45596262545746,17.872590892699243,6.529253456655985,4.10344014199204,1.266112851949298,2.7645558284033975,1,0,0
58.18535598915682,162.65718590420238,100.69380399322718,31.333560109885834,102.4080016484698,112.23924962367862,15.019747641948046,143.52045044014685,92.59865010849339,138.3765808492974,20.48013315168051,6.603755646863133,4.834347120832176,1.045181045922679,2.6883713463554373,0,0,1
66.4914249052177,155.36582529534837,94.67242351715845,32.56595073956728,111.0810970438667,112.12423653601685,13.237220960643143,139.28077680441007,92.42086656775864,151.86303208129905,18.432855950345758,6.347048460656374,3.8355958298751265,0.8783069877458343,2.813798305006933,1,0,0
64.07491927084835,156.60720293481785,88.68668233916078,33.13548292496803,108.45661288515942,107.97995322112872,12.86794426575553,139.92816988653624,94.24433253944117,158.08988686533476,20.80316567441872,6.0615086718891,3.610358213013975,1.0653725297892949,2.7487929504204924,0,0,1
61.40608207605015,168.33659462662968,96.32286961081971,30.61675201373356,103.68513685090632,110.49873324963652,12.33009709582926,136.350025064183,93.38032754092117,139.4577300769224,19.9431480806103,6.1713497902516625,4.402004335016,0.9682738011030143,2.8523881788298335,0,0,0
65.86983241667008,169.81805751205036,88.27642313489223,33.30440888015849,103.66722429777735,109.1676966181367,13.462963337222485,138.52545039250094,92.06873027729954,138.8790823501946,16.50581380891324,6.542278138277924,4.119383732694216,1.1508772258786468,2.456191197109858,1,0,0
61.66210492294285,161.66978362426914,80.12617732411071,34.033456788207424,107.02475355248455,120.6190817736945,12.938838357090182,136.59741927472652,90.21602000989473,152.1712913398239,22.632312441567823,5.834072515154467,3.9636301548607857,0.9716851224837131,2.919348516408581,1,0,0
58.84614739601521,172.47014721144163,85.27636844541297,32.620152354835554,114.04157533851287,117.35271357258986,14.307962258419826,138.288570361602,84.64823673269403,153.054605020115,23.129057385098744,6.249035658105514,4.482506934189805,0.9964579880142265,2.6393999011730997,1,0,1
65.99937223180898,156.36935956411727,80.96284039487071,34.8151937188371,107.29143027022738,118.69622037997665,13.121073178394447,147.4213880847353,91.96526376696406,138.33757980992712,18.311724657938928,5.982331415685423,4.343140214131359,0.8232551122865364,3.108815218156316,0,0,0
63.04673013105398,167.53744140946878,88.55923257979344,30.83931620134464,102.93899966408664,116.49668825617296,13.164362113754253,138.40770500025627,91.1885069050709,139.05629228032902,18.761898919035733,6.130060688027186,4.100776410778981,0.9957232416901108,2.417703045477608,1,0,0
58.31826153702063,159.5228866016628,90.40889189594775,30.133017945032876,107.3398992756992,109.0937929151311,12.547665345343374,154.52571929176827,91.4121259301838,140.02510773797644,20.10903282035751,6.567458151912554,3.8859086803987313,0.7591344808045253,3.0239909507913123,0,0,0
60.858983965749175,163.4371472453849,98.6989865613764,29.331919626643582,107.24546750588316,111.51191893488092,12.915665251534719,144.899930553964,85.99297998462892,132.58644642276008,20.20621561888175,6.186884673806965,4.531737198484043,0.8599316611817133,2.639477695865662,0,0,1
58.803145239845726,168.3317906992149,91.9514368688208,34.24406646723377,98.7608967497045,115.56749824491169,13.353362122670472,143.51176255662693,86.67790210857109,135.5670363746106,20.854390584253363,6.136252791854651,4.465060353387598,1.1412497587373158,2.4271454990963877,0,0,0
57.28160080710699,161.97710644301233,89.22129735595567,32.98154848453109,108.00996796718766,108.72148876443224,10.931797928812049,138.81738998918453,94.14763498666517,134.96861463273552,23.5577111164404,5.644050350657028,4.240247240866185,1.1442960190381,2.4690285414864195,1,0,1
64.20853264259492,165.30811119039123,94.46382790591743,31.916622993634316,107.39172914426963,116.46199372068956,11.366177493473144,145.83139445734048,90.32315696150171,136.6230170442711,19.183407583919603,6.381188748109526,4.823991098814299,1.1010549074141958,2.50991317295142,0,0,1
67.15824992141039,175.04404966450107,79.26112345496057,32.41995293947973,110.63672227684697,112.64869840736748,13.875916912827257,140.08962978193003,92.84685244080418,141.75480578829254,17.940707549830794,6.345919463399375,3.9489745701021537,0.9339628628244945,2.696041486600479,0,0,0
57.23429727854258,163.96175691333795,91.49487279054281,30.311766429052437,114.67134633230872,112.11071676980163,13.18903852575353,143.22904416590413,90.56071431645663,143.63710312775564,16.778663582878647,6.87713915315691,3.812342448722578,1.0442746372629625,2.7207088720088746,1,0,1
63.11890771007171,173.849844784456,94.17112596943483,35.66862796942524,112.14297760341715,116.45383987281397,12.763219996376785,154.20038042220958,90.5657464882351,152.85110344969854,18.075441959023863,6.012277617766449,4.062427579035626,1.0495676953091317,2.446574999015355,1,0,0
59.47807229263452,160.09205201739667,82.92386877110079,32.19383177296284,107.25888958305809,115.38705324594417,13.006120719678472,142.24773045123908,93.745593320916,135.00912171482847,19.471048093160107,6.196702614682378,4.256324195093351,0.9109962372968949,2.5839113519347543,0,0,1
59.96862384870591,171.70862924540697,96.03557021603463,32.164092191907336,104.32715931940416,112.1661353367237,13.401098046434004,147.85172996828555,88.6554434512392,148.8878567893361,23.126417765943277,6.207284289298763,4.343001834796807,1.230407796212058,3.1255675896529658,1,0,0
59.65281822728339,178.0909803446053,92.00928203747206,33.08864993584804,117.20675931137451,118.247319213457,12.336288383628766,139.5157060869335,90.79802271929344,140.49967809042144,18.50207944083536,6.672108647917216,4.197629182643101,1.1552834748690806,3.0218857925251776,0,0,1
58.83802769096055,150.69848849910898,88.24036043049598,32.72151384760507,108.40726451905071,109.28574668960043,12.050034329517224,142.5225517927637,88.84363648953236,141.65135403243298,19.9848779421855,6.086646563664566,4.375616618954289,1.0234842991404405,2.6990809174185078,1,0,1
61.57556488383448,162.42173321170665,93.48070933053141,32.335826036418695,108.24875252169531,116.07374242777706,13.219014306117218,150.6486028603598,88.9408632039869,146.72133644516623,19.504456246762196,6.217657534019618,3.8945381727428665,1.0532263006793436,2.59950086954205,1,0,1
58.937149650766884,172.03950489026377,101.67026428902196,30.814288316832034,108.11556219511499,115.98240503187355,11.809952666861962,139.85864823995504,89.37949756785977,134.13854584906392,21.914088585803867,6.332763778400788,4.703129381221977,1.0750059369537064,2.620007831679565,0,0,1
62.241370477339515,166.57868229769906,91.22613127529246,32.70720253570399,108.89329666268749,112.37181424274405,13.473903306857366,150.83601851098618,91.239068200718,144.67446822328836,24.591166890654943,6.185313193104725,4.2453546464822285,0.8049918157890852,2.743379493182604,1,0,0
61.27928567165259,170.59802111359917,91.55790293150167,34.82303674471255,107.69473855826621,114.91453208896849,10.940899674914592,145.86488370954964,88.78597982417783,143.1627654574914,18.475564493067058,5.963748234907315,4.605188749476438,1.0203387140975284,2.3343018587003983,1,0,0
60.71315585940077,163.77210369298925,88.01999550229877,34.01813006923247,106.19218297591918,108.6055456944588,14.218986764790772,140.1488995084758,94.85674643950733,145.44475884805706,18.558423153871257,6.187931497514407,4.372817603913311,0.9681618902402642,2.5256558656441634,1,0,1
58.707309013875204,168.6061285123103,86.06757815267602,34.3897799399591,106.28599370565863,117.30610807682761,13.551116978895651,145.52583482574985,87.33047444223175,144.02178050735472,21.625623793045843,6.495771112450919,4.407025965746135,0.9298055988126102,2.1728539815306025,1,0,0
59.699686008295004,166.91025935225545,94.46847908272122,31.233176485353223,108.08536355424401,112.87039145422806,13.291235681176651,147.05649502332028,89.80754924543525,159.18470097937626,20.901085018160323,5.7607196452061284,4.440930184069661,1.0162679648536854,2.68980578065132,1,0,0
63.69617367747727,176.17447443161865,86.03638087045564,30.51559276961213,106.29801330103183,111.51910791792386,14.163229180734616,145.4781448299774,88.9225412960404,137.5334201102408,23.23071669037977,6.166539385951406,4.404312568005194,1.2657223832219429,2.751798984925685,1,0,1
62.93275156287314,169.7809459031085,90.67463118609695,31.81131961985053,105.70503976062993,117.80603690334758,14.982569333355091,135.61398876049296,95.52602259523808,138.2806213149873,20.70515840955963,5.874957714771289,4.462816827960263,1.1269011433520413,2.4692033844251564,0,0,1
58.497334265604344,170.36321863452642,87.9285127661744,32.083587368433044,108.57250579692165,110.79262523782897,14.201244078021757,139.4078827087881,91.14954171779051,137.63561631502665,18.81871785733358,6.538266320123694,4.668745759039729,0.9814585212260645,2.9834966908225082,1,0,1
61.72799691628768,165.11686123714273,92.71169912873195,33.641287277706425,107.307579739027,107.97615481454578,10.774950922402025,141.56616614001823,94.07305588814023,138.10926016587823,20.718611700292318,5.586884583325678,4.328956350910441,1.118709933762739,2.2835585842494144,0,0,0
47.09687535937054,166.01240732382226,78.4958517999203,28.074650339255946,95.29550077096005,94.97781684543918,14.247818820143788,120.67582677827345,82.21297499790623,120.70896472990835,12.43462997814878,4.42590667627114,3.064595089298225,1.4071923068164267,1.4250961231485308,1,0,0
48.221220705116046,170.80834551428822,70.23090030882197,25.58533972841063,93.16444159734432,93.16083018267331,10.69735051182414,126.98399052802301,82.22464227875625,124.77783195918838,11.495413123267102,4.428604558952768,3.0185670527269215,1.5295593706752197,2.164677436565838,1,0,0
56.383377556845616,171.4974597078817,71.13514149106715,26.94326844531368,93.03064467934847,93.33195758282503,11.23477861629195,125.51938542480787,79.81657791890075,137.57578948482345,14.389166916971583,4.933133308518539,3.1919330909298704,1.3990848829375842,1.5087921904454609,1,0,1
49.17511503274937,158.9253685651531,72.06243345904404,25.10205285770179,95.0314694617543,96.16402841747187,11.507378468598608,125.6688681379904,81.63606636446524,123.48943785090043,9.806921149551323,4.808046114860554,3.2723775052542856,1.3156497365299438,1.6424797202398906,0,1,1
52.37988495902853,176.045938097846,74.389468260667,25.28884065043671,89.25224125379113,98.62523832034672,13.225805775112219,132.43544271459635,76.79334040827862,130.50946863720492,10.186905894517608,5.037375517715961,3.11250726409252,1.2042247737934444,1.670572621566727,1,0,0
54.50542771983405,165.8936718644705,76.01980402103213,26.733591504266563,96.34806003204044,91.24315191123128,10.952822657954172,125.87853329089664,79.35692862979839,125.7478423622655,9.410815495383007,4.952830997309708,2.3002441287671376,1.549372816949382,1.4384322508194471,0,0,0
50.732859869606656,166.072737435462,79.12431760928337,25.0,91.60985001820217,97.46439134484986,10.057179696409964,122.93352314256701,77.43113807623229,135.51083600709268,10.203646709995239,5.010566775523555,3.155067214872745,1.2195978819281306,1.8281438943521404,0,0,0
52.51180005729958,173.2596319095316,71.34337850330382,29.87083792492408,95.21009608115806,99.01203226477229,9.532391393249155,115.50125608160454,76.49774209175123,135.0256746982477,12.055956381428,5.2130126048248595,2.7175553815170668,1.4618274441370898,1.8734759670503704,0,1,0
55.79554464757015,173.23015656981707,67.57877551149122,25.0,94.67057161720679,104.15222313467852,10.982419263081319,123.5557044183542,79.1922218701437,135.15922573667942,12.921628906680667,4.8378558655187085,3.087164230305277,1.4366221432713384,1.7726465822546127,1,0,0
53.1832089636798,163.0941782479374,86.36258781603394,26.719867231015172,88.46419360199104,92.39823932309947,10.51394373713534,130.17686462797235,80.28235631655326,114.78811529407852,13.85656853342831,4.9231946659242976,2.7286307228791076,1.3315877676443129,1.434938091992231,1,0,0
52.55665188902306,173.6203113270198,69.92660689673784,28.532326582725297,93.86015141719948,95.30655125288878,13.46401114716,123.88973896199715,83.13828068784245,128.37306833071494,8.284277068891747,5.509257427967107,2.7250507094761596,1.3284425435463187,2.315846558712928,1,0,0
46.43564381553862,164.07686293957332,79.76549061497774,25.485641991874253,93.2419613479634,97.75165189078591,13.175834904812358,114.21977545666223,79.99404434554611,132.23857020085362,11.589999189766642,5.001079444388759,3.5205365465845584,1.1397146471150776,1.9573076991254121,1,0,1
48.688833241779335,180.73701132689058,75.74020638624336,25.0,92.20609080123019,101.29463732076643,9.810752606491683,122.05736923513399,81.31275687236543,129.5967699381253,9.717396100311621,4.937276333881114,3.053972405716683,1.3996078000975147,2.4785555109124897,1,0,0
54.63076038295004,162.20264213113964,76.84040020403188,26.112581359812992,91.76969887487616,95.48810447531274,10.199087875740986,128.76709842510758,81.35249110637338,131.3821742807528,11.523150979717023,5.028879444763116,3.0310013520534245,1.4343911598874968,1.6187226900284268,1,0,1
53.19985091602415,169.67634223194128,75.57611947082047,25.467769429885823,91.79937362598773,101.4995654879642,11.140524129464263,126.75617728552906,88.47237027993935,127.33445702999833,16.602052322947305,4.943522469446664,3.2947572146485773,1.2293103860622636,2.059470557044244,0,0,0
53.65439882135522,162.52587654164674,73.65966259026436,25.0,94.94441298975399,88.95555073409416,12.728671707070514,120.52053596570168,72.73088658854597,121.7125105529143,12.517448686693255,4.751649697466371,3.0388228430782642,1.3413014230805078,2.014818471848541,0,0,1
53.396190796644696,183.55886940394552,77.90373341461728,27.207334838858298,94.12268679827028,91.69160722751245,11.12041576364526,121.75621850620414,76.65823146606988,115.04631830509622,13.732655104989718,4.650689556987098,3.7811418276382227,1.3645434298010741,1.7473562242256595,0,0,1
55.35926958512612,159.33525339139018,73.3909359687135,27.09064079334943,92.20667597592983,98.09957737733689,10.275311234414344,122.45181103403912,84.22519618370828,122.40701399946066,15.855107707015318,4.732799030947499,3.0680940717821943,1.4301487153539483,2.172762725264806,1,0,1
50.70580022513463,171.67053923077037,81.41538573618394,28.493489681807528,86.87822348735018,91.06170200764849,10.98134182811673,121.31778802661681,77.83395423801285,145.67276911546872,14.18844164904274,5.305521715369776,3.259537623594903,1.3604563691347826,1.7186474980965554,1,0,1
51.8514998763679,162.85562709865542,78.42607703128076,25.09876645171942,93.83055194929265,92.00711789293314,10.297818163324743,115.16646759517188,82.16631098160602,123.52644176736528,11.037896203319256,4.779533160848556,3.4412823994130584,1.16484167752461,1.7297771451438484,0,0,1
48.40397700061275,165.52124650986408,78.58184256640746,25.0,94.63264766712223,94.59389254301624,11.774972651327378,127.73615995278935,79.87103333316993,113.21026841736477,9.382060989553349,4.945776389357303,3.630675967682073,1.2964074676645014,0.9521425270154044,0,0,0
47.65593224969087,171.17476483621624,73.04825669971703,26.169915375430126,100.15143529906439,99.7907559676633,10.201159546002353,129.95676980510092,86.43420840422804,132.05454552510358,11.873436623651523,5.245257699796514,2.927398159302708,1.3869550942466824,1.9222570134356594,1,1,0
46.55877785323583,176.572091063383,74.402098314555,26.647486011486357,95.86401572086763,89.12114063477084,10.43947673708764,117.46697975215866,75.170309505277,132.9142200607785,10.798313594255854,4.902563090216158,3.0246109488484065,1.460983401044771,1.4886225220793985,0,0,0
48.83450950300046,179.3637759360933,69.64430795678966,28.162024404479745,85.45288264229586,97.38619344864958,12.446320576147315,129.8973381966384,83.34230193381585,135.93727073106498,8.884682589454876,5.221676460195279,3.5323775625880542,1.2858836068726904,1.6823197010761222,1,0,1
56.14768544646893,157.24136427981577,73.81879171637217,28.895852007507738,92.37450289656525,100.83685578861122,10.129962063223113,123.83639559371252,85.18953456845375,130.22284952594745,12.415575157272162,4.460722435149196,3.3930186912158073,1.6225179849460023,1.5634450903137431,1,0,1
46.831818796551886,169.87425857055123,70.4009924182185,28.60171870086102,98.43981260032743,95.92521916628417,9.316646360927805,129.81309556675544,75.51553392991201,132.84521060126866,12.46549775881189,4.9536191621603365,3.4725527807005374,1.1326632317395644,1.7284421151704346,0,1,0
50.579392043268406,178.21645522368465,82.14921457794355,27.194815500339,94.28242099915572,95.22967908162984,11.165992501627565,124.470776963307,81.80604585253471,139.80751994389394,15.471958563219797,5.027613633809478,2.7393886369320994,1.2923559789930519,1.930970057554359,0,0,0
47.61056402906153,156.20282342866642,75.83655107797001,27.979248880256222,93.25028256130622,98.3120851302343,10.619431914954484,124.90995066471383,75.68675704959831,121.70768555556518,11.210199025019598,5.008098553084359,3.6143999261772057,1.3500359675808673,1.8227853907621894,1,0,0
49.687078110989916,170.20068445838393,76.43635817520214,25.819259847846226,95.25080030620332,95.93655578911424,11.665698601115944,125.97595591141996,79.17156550387294,120.31904506203396,12.493967940632123,4.42147845575639,2.9215777370145584,1.3359101003736564,1.997410322626452,1,0,1
51.99908137705606,167.98541341805873,74.45813936324988,27.032592788712872,89.92167631753219,102.26699912496298,11.432966321677307,120.74470153689124,78.1679422443624,119.26389422312948,10.602754333312795,5.421089426250782,3.2076878934425688,1.2121429204222203,2.136407383896408,1,0,0
49.38965238038498,170.90179270065852,76.57176661025703,25.0,93.77331498819609,92.25934795146226,11.013697806427965,129.6760336494761,70.6563612278511,125.06561289454211,13.680064024080156,4.700864469260004,3.105533136722469,1.4137434097302153,1.7278010158305412,1,0,0
54.75899459504939,162.59387182271468,87.9082601792884,26.87402809533031,91.22336186352831,96.49842337933966,10.978747889436004,119.25378712866346,80.55081990899164,136.95995693877617,11.684489570312966,5.117262993841863,2.8864551490355788,1.4045312861576706,1.7003581894959716,0,0,0
56.0919343625487,157.9506682025059,74.08317057803752,26.91297004609702,92.03131779966333,97.52774549984274,10.168969860812597,122.49069964967498,79.56768708662182,130.62247857422363,9.588541944987739,5.0027874989265655,2.726239270973699,1.3657553735177856,2.0594319134155024,0,0,0
44.742712815832185,154.60825502374684,72.33180682645002,29.363192908527456,94.99959080493286,95.19118379261415,11.152016485191892,126.65919104939425,84.24277640692016,130.3468436689645,11.906781519362909,5.351298333333737,2.6268455650101306,1.3998212635910219,2.0792618221849826,1,1,1
49.44102300894664,174.83468767423471,78.2323376645272,26.43652570776463,88.85650414127736,85.21986934817015,12.109541737719322,122.0086214178154,81.2050027912734,114.19084449934692,12.714770957823227,5.765621090280972,3.1857055218161925,1.3091468306262364,2.005147717025762,1,0,1
51.66742636681727,175.72834395538348,62.95527883198754,26.91506425647993,96.60793865830678,96.06138036780322,9.883863910320628,127.79889058366724,87.08409373427567,122.07369220934505,12.444271937520352,4.548372430410008,2.6924042729299633,1.165916445986972,1.5819552983151628,0,0,1
54.868351078046146,170.1187974429719,75.90365593455465,27.135442123568065,90.62015813620059,100.30570794764986,11.045523148366158,130.4913977793278,79.4406483372755,114.07639656996574,14.025518593684964,4.772880141554626,2.809855321473935,1.2740032155937306,1.925663766375401,1,0,0
50.127267174540215,164.26096155218332,73.72530748353549,26.097769526167323,93.01231991602641,99.81743674450406,12.298066506881533,128.85645700474225,78.69664481799192,135.12472052525078,9.037612418611847,5.066182372843668,3.084589236540534,1.3788465497691331,1.8473676510118224,1,0,0
51.43019381426257,156.63867874573978,70.62230566981951,25.57626090018253,87.1982221390377,98.1241139286808,11.65850891186004,115.5874810884462,78.42075172249017,138.02552545020012,10.248239982663343,4.613126338856523,2.35835744992203,1.3795293297815676,2.0831322353374158,0,0,0
48.01976732484415,171.94341823753516,78.12266035155749,28.728216987270578,94.61943051804987,92.3135505666031,12.623367475620855,124.86631136328711,77.52743951138879,132.38296709068265,13.213299826284299,5.273763912784516,3.3836939136132003,1.3649654863103018,1.6767819776155628,0,0,1
46.89161244321296,160.2945450201432,75.85381409222894,25.308623835559555,97.16276377581302,98.28623784983394,10.370229204198798,128.92907174813377,71.33887179266101,120.01849767982317,10.483187206771083,5.29518041775497,2.4270335498679576,1.425844992158204,1.403347427212521,1,0,0
55.82615406874881,163.02090962667623,66.5718274625289,25.0,90.29875457773647,94.41124871383104,8.85507786192616,118.37463018930075,78.29531880547215,137.3001574553105,12.414667661353638,5.195807176598263,3.126788282600168,1.290262474545998,1.9925592000950683,0,1,0
46.017790378321195,163.89405144306096,72.3512243940378,27.80039806894322,88.2142181472164,98.11893162379467,11.292782164746825,127.55624764252994,71.82850845747403,125.15321562982352,7.0942346678697,5.082803612806669,3.1545057679782866,1.3632017268532644,1.1804079041857245,0,1,0
58.4758570252647,166.61725342012122,61.142515974036364,28.516722263036016,93.07294072659947,97.19102004560686,11.487084978031781,127.3035735173769,80.64811670605019,118.42478503473136,17.36561830731899,5.479398072289423,3.3114185160545424,1.4286511334085907,1.6371216490259175,0,0,1
53.66545419814523,162.68671686953945,77.0502185706675,26.10288551359904,97.1918372574711,92.79949891486652,12.69410634536721,118.8455954862778,74.72578897635296,120.17517021771815,11.394288099578553,4.595531081415898,3.137495759283032,1.3498132217797176,1.5642011221704264,1,0,0
53.52991922655027,168.2342113969461,77.00036909220077,26.125919768525183,87.02550202081682,93.13517664257239,12.47777488164838,128.05404699583073,75.93583581919053,123.91490355085713,14.321637682669781,5.022843868369893,3.7553723891499713,1.2108011285912683,1.5625163322735633,1,1,1
53.21640600248329,163.64727189645527,71.61746253083162,27.20381528916019,88.2279213657008,98.12508981768606,11.696092347614954,125.5271400708847,76.72306431808607,127.27304964339294,11.259929511526243,4.741418995944422,3.21489506447055,1.2446213956413357,1.632742132261226,1,0,0
50.73194293599711,172.90961145387456,78.28443555841562,25.718220984885228,90.5103365459097,95.82054761884599,11.97046825700452,127.2267180492457,78.34872736765364,125.79659051843743,12.763122220155,5.3114707163978085,3.466083719773098,1.459702278913524,2.1243433924379076,0,1,0
52.66625358910261,175.21744039791636,69.17137889439238,25.60743121908205,89.22879661414255,93.34387427737148,10.821814250152032,119.9515942640569,79.09003889228663,117.0373210728028,14.91756445538377,4.358330592422749,2.9329611573389136,1.5270966595531088,2.025138854751593,1,0,0
50.923309936646575,168.75979873219907,70.75128687032502,28.09938888197955,89.23985086686851,93.01367924109266,9.589062466416939,124.97561252367123,82.86167854075575,135.41921486429948,14.265337201109997,4.990170647042457,3.1862270418568404,1.501033972938886,1.7570673295018737,1,0,0
53.14921982932144,171.2383843476677,77.66982432191281,27.69069665117543,84.77057780317678,95.48967660805513,11.193265460857091,116.62804650640454,77.04464467272356,125.87175856394208,11.524815203322776,5.1173335404744815,3.6142710285086777,1.3878587139690444,2.1034058679647623,1,0,0
51.38894041927385,182.82499164738124,72.14053822518527,28.74673832947716,94.16169931592053,102.97741917887284,12.231088156353332,114.05353956610126,80.7465114767783,121.92972300610543,11.66321651190584,4.668377752759179,3.078691462593108,1.215624087757997,1.5544257112084066,1,0,0
48.638955450694795,159.79177720197077,75.27058721898776,25.0,93.28552176004372,94.60068787115216,11.839633043794258,124.93372791937487,88.62403531628249,134.69811653387933,13.940858283059796,4.780833488722452,3.2076704292585694,1.3592378131872558,1.5204291535632106,0,0,0
48.878282151214734,159.36572329103927,72.76562686286827,26.026306269634077,86.15402780068723,96.64892184696964,12.052568806991237,129.2526892304259,80.3867274596713,118.64215668213427,16.600213971263827,5.005382643480237,3.4442560347412425,1.5474706158340508,2.0358991648116476,1,0,1
48.53718287412249,172.86498530543813,73.52921621850406,27.20176934340418,97.20018515984685,97.11157715075804,10.538693175543898,125.43821566419285,78.43428573873929,115.52376871497839,12.318290511491307,5.334283732804517,2.9273311439425096,1.4342186056547772,1.9649108073306618,0,0,0
54.40270219580293,181.62579986260334,73.74775092022502,25.391568725338452,97.98382310225671,92.18089443403223,10.733343794377891,124.01449271225134,76.33896921825097,135.83341212619115,15.847852443776507,4.638495769994531,2.5015319000042417,1.3351026972779354,1.7049341496041692,1,0,1
49.63766016262271,166.17651006642893,72.05008821390909,27.742531155731974,89.4718305757696,89.65367006462921,11.632110585737523,123.45609645975307,78.38583959102886,140.16571494685235,11.450896341852813,4.69954252086886,3.2266720961137105,1.435435027940946,1.5361347765754674,0,0,0
45.75369051674542,180.08783689553132,77.09612057180061,28.616940630839498,96.18292006841952,92.59843706105707,10.396191126589494,120.0584557385062,75.96422879736708,123.6913278694402,13.837645889712828,5.39395571986412,3.446600750807401,1.2076725752061275,2.184932968759485,0,1,1
52.680515997546415,168.67503603155444,72.44422956623023,25.90496304165898,90.09450768253168,97.69330951122521,10.433139516080397,123.30162593292111,80.0063149933932,126.60420994457998,14.136036687187797,4.904458610028057,2.7445662705324088,1.2765194346582158,1.3899743622630454,0,0,0
56.03355268776875,163.23378902572642,75.662305568978,26.83788791034055,92.73390778573871,97.05432423166164,11.409578683652942,126.19758010718999,79.42840448523788,118.89934699835366,11.113804154987678,4.727861336054258,3.3510659691832014,1.2298970330773211,1.67039351616411,1,1,0
53.80924956753258,161.06515327953608,71.94021359312796,28.963428035121677,89.17483252742682,99.51462627660426,11.965085691788289,122.34149995239717,71.49823272678772,126.96444785170374,10.439569004089941,5.255039679025921,3.3530899162018613,1.4163486182018121,1.8771441318794744,0,0,0
49.680029304334866,172.40589509420752,67.9123788680777,29.4789073625285,99.84988033211796,97.09199957983647,10.81256559200471,127.67764084226098,79.00104697981877,123.59606315388162,14.22450353978793,4.829131050968714,2.4679511222654087,1.4456924199664112,2.2705412021078617,1,0,0
46.72956485321473,161.59528652552112,80.14604824629582,27.898701876590607,91.06393970434536,96.26680283412318,9.656172646735634,125.18188765239071,82.83251209424004,126.211100919755,10.870611288207112,5.359597537368571,2.869113410277968,1.341540876736196,1.915775053018305,0,1,0
51.08719568992747,168.5689378993692,78.08150692547703,27.670143759790413,92.54257157988211,94.28895090029948,10.169035301948604,125.72640737998033,77.66910851729038,129.7908087131807,10.14502533734242,4.767697868057101,3.031251365780501,1.2552484387912521,1.9400761632533248,0,0,1
51.01232836570987,179.08425517768865,87.02728234398835,25.499395197972632,89.6922191438766,100.24342715945077,11.296406501871717,128.29898239097932,76.78086129655954,119.23898165378407,10.56580615909503,4.944141903361252,3.0961127999294287,1.357630108775845,1.6776540749629683,1,0,1
48.582401169058706,165.8525372499004,70.3640078000087,27.31881410068676,98.61460459032737,93.02827944511714,11.281825156639158,121.92960055305254,74.24404729409102,124.39332062537201,10.862498485842401,5.330740082886056,2.9270597205696047,1.3016104131191433,1.9621200563186496,0,0,1
53.14311190672761,177.1980663225073,74.53906956333984,27.6152312611625,98.70315126131293,92.26340193081592,11.341485765186418,127.26721263784128,72.56302785431458,114.29953004755274,13.64695937194458,4.920808695089187,2.9108991589253455,1.2644595154367508,1.8463273302197718,0,0,1
57.02987950249142,159.49819557191515,74.94133459572096,26.464444762158433,97.80825213442029,98.9732220695524,11.677554348714906,122.56085477236611,81.97572243472139,124.44108901120697,12.9638105092456,5.264618662727527,3.651444867354628,1.4006792422371097,1.4228838648956106,1,0,0
52.156848152374856,164.2626362907824,80.53071919141064,25.88783561816651,95.44754121921667,91.37237075738538,11.05897267025094,125.82781517718477,78.43082584647281,126.271961503581,13.365041652209007,4.977058337626648,3.1177322604423274,1.2690409332977592,2.018233713373277,0,1,0
51.97142862099654,158.14999181649557,73.04833252933695,25.0,89.91323658573081,106.36416399463452,11.370067253808374,121.39402892213543,81.76807546701198,128.52887697542752,12.77648478488939,5.69359213224001,2.941486901955078,1.1720380320443091,2.0625983474617127,0,0,0
48.67831585349853,168.5109772918135,69.72866272912071,25.0,94.99747533586846,97.02497352223658,10.99796781260536,120.2018327962087,84.42563310602814,128.60303578254246,10.746044838199948,5.549072511435997,3.137649156926235,1.1987062635564176,2.0208412622052907,0,0,0
55.68224410918112,173.46054725801608,81.622918542305,25.0,92.07535020376342,98.09662446529954,12.430480179515326,124.71339135541822,82.29036689718622,133.253459255158,13.32793087450977,4.535166308148188,3.311127249918343,1.1676087439820861,1.8283319814164505,1,0,0
51.26456749956995,168.5263096132433,74.00062185369384,27.649163859300895,96.69343017609921,93.47132070190645,12.770810437461002,115.81659976590497,77.16769687496422,116.14833436508675,14.298632815903833,5.182785288436803,3.1654879130133624,1.3897014299891446,1.5809557792125883,1,0,0
49.75311023441749,176.58935041979106,79.9770895486302,27.001548987840167,96.00565718677876,95.44394062303381,9.625186461143958,122.96679650421002,79.57303682630145,116.52206079034794,13.102731594931843,4.714258604864636,3.0882817227516077,1.3780486525811397,1.2427040671787837,1,0,0
51.68106518095485,162.7557453155961,79.39486400396105,26.054283302688358,89.82757047673425,94.99797153247059,10.745697669477295,117.07130347475868,76.9142949719508,130.62870555474763,12.833036975944927,5.067027428577456,2.954994999398864,1.3720624113409796,1.8592634013503628,1,0,0
52.90588399973983,169.57739927582347,75.43441963048849,26.282815553413045,95.41739030993025,94.53766004932544,11.091269389848849,127.80655315441123,76.58699038089418,112.65327106096208,10.399616149551871,5.023929720258591,2.95136074635972,1.4305277982975932,2.0904855149352124,0,0,1
51.90764622593471,164.307714734703,74.71230347482624,27.095705812295726,94.48712057515374,99.2368470060393,10.731702345582814,129.0254976824901,80.26585306840919,128.20910148473493,12.35735932064218,4.63061454401763,2.9706574840543922,1.503035062734054,2.0688831172707705,0,0,1
55.10846018701178,170.5317360979656,73.62604796835096,26.53315539348711,82.39252997980293,94.90669584709887,13.203507109597048,120.41221950360637,76.1529714090864,118.66394942287073,10.293242503795822,5.370469590235613,3.251644380243221,1.2889280163009862,2.024018210848462,1,0,0
52.64191465764059,171.52615232348697,75.50790635615004,25.0,94.90327823870311,100.77500491633673,11.320746333707682,126.22740833113073,71.33396933318954,137.93570248642027,11.885669446532017,5.071156030249176,2.851745972279464,1.4087772972686103,1.8014472553626524,0,0,1
42.7436372199913,163.7667873482325,93.70938995153023,32.99254419875335,103.5259718774999,114.5779508886989,14.783919685976691,140.17888372711704,87.31536625199988,127.85941554633874,22.68895581274294,5.130721794855361,3.7084288585630816,1.0076908571357766,1.8656793269448801,1,0,0
44.10363857247807,152.56103760030652,97.24370659767703,31.26386542033752,107.25190305118744,111.35551516508593,12.700081956940126,135.6093301323924,86.24755463096683,143.65400400903403,19.92216061640896,5.923767218357243,3.6183941562721618,1.022102102028699,2.209865626701032,0,0,0
43.37767901887999,174.27946337820993,92.533082603446,31.48050326678485,96.03373305046168,115.98732671061867,12.94831694069706,131.47073475302915,87.43931059025086,128.29106201974497,19.291575213858003,4.5589112134778915,2.938142164555681,1.2137211100338168,1.946803121127029,1,0,0
36.46209888175739,176.92412528895105,96.05394212592982,30.709952536729034,103.9009443834693,107.54723609013706,13.509267306140233,136.25156887826816,88.90741413780502,146.44327988340623,15.591477538772505,4.8320415309262295,3.4554439701056605,0.9240885248614197,2.298403616057774,1,1,1
42.430601108274416,172.56065393937655,100.66039222850381,32.052841244437836,103.80813250218903,113.10641751468037,11.154803404143962,132.13409360401454,86.49066944073398,133.0533074527544,15.567471136922101,5.724101089112869,2.756532425187557,1.3015164891572886,2.1786784371881405,1,0,0
40.565780697219054,160.0362003070263,95.71758773053489,30.82735704871378,110.50918222372957,111.73174173487486,14.721017589755528,131.07429833876583,85.72231296929397,146.17807450832493,18.729517336132883,5.8501958202382065,3.364080470618111,1.1610215386753215,1.6778739466404864,1,0,0
43.645634256725536,166.58955926236737,91.84558297820863,32.9596917198618,104.30242365900499,111.98858032533468,12.920794555707364,129.00536799295156,82.12026082168548,139.79651903041494,18.43512876738566,5.163799071498401,3.919330105023793,1.569171156351368,2.3337438960554224,1,0,0
52.07577700781023,167.9543507933938,95.82448237042375,29.421200262098836,106.99046144659326,116.02191400042707,14.63622827890693,126.31677036961725,82.71122732722831,134.08503157390277,16.915841241832545,4.766331554115675,3.065632184819304,1.4569499500739331,2.3726996613979274,1,0,0
44.22244499642291,172.19156072693337,91.32347916548444,31.560555491321306,106.14439999030613,113.86246841111921,11.798360405371213,132.4453433204825,89.35757117062064,131.4082253972171,18.426051771073297,5.933545225633206,3.0997030863525254,1.1582261116902979,1.9215343312912867,0,0,1
42.17941094148281,172.67838342102655,90.71855521642476,32.55166100878761,98.1930173206748,112.0873946513001,14.85967430706939,134.9112407046406,90.23117391997091,132.6576448585774,21.321340227936368,5.758054837112219,3.579208934471858,1.1672395596962422,2.275047885723748,0,0,0
45.88540450593175,162.86078340855053,88.84196882143132,32.37575177448376,108.33872525821108,104.31295025508682,13.60818659284174,133.76519348493298,84.3706134729078,138.04221684662664,19.534891320949775,5.437631445716781,2.887159545437106,1.2994697816802434,1.9558754406477001,0,0,0
44.56806366162763,168.57396889489493,98.41610679416053,36.139550495970745,106.40388776909701,107.09231481888214,13.34164810302283,132.32814882423688,85.36500961538646,135.584095473524,15.8620693523437,4.915659177871904,3.1601734910344885,1.3843807131901644,2.1944175941870836,1,0,0
44.38028347135552,171.2009628323067,86.50689667028998,32.62470003685186,107.42894023886107,110.4416642656171,12.958829345223778,129.94414272686447,82.03784968752181,130.88732014351905,17.92106871756329,5.182839730706688,3.5289323412745257,0.9834365131076779,1.8538753982612586,0,0,1
44.94055177964701,178.19075625502737,98.26087862339057,30.593918104736986,119.39183197252714,111.30598949710661,12.379765658310662,136.93710786258234,89.30864895843605,133.88458012777656,16.534153410144054,5.143873971634309,3.1597142456931793,0.9656349441574376,1.7217233868663557,1,0,1
49.28963069448862,172.93154577877306,93.09836061870185,31.95680362936639,98.35560471175495,106.41168510130431,14.118637990168647,128.27290636024037,87.53295888292122,135.59403920803402,17.368686539032055,5.3157979566154525,3.2792090038367085,1.1053558233334742,2.074295702596758,0,0,0
39.72733469402225,173.52339681162863,83.60250912599028,29.435630499800325,111.68643827416389,120.57920670231368,12.846431843817657,137.69212561229563,91.99826102762312,120.1428613390963,17.316855040589893,5.707850503345968,3.5732557130945106,1.2499285099808637,2.139067763431291,1,0,0
44.54089623043436,168.58678639550553,92.4372864649571,31.97910037605486,104.64393368209876,116.9980762210143,10.317516355695417,129.69002341482974,82.1298692298709,138.25117680352088,17.188795206641167,5.507795964398091,3.4764638250609683,1.2396248308609117,2.070580076596349,0,0,0
40.34085661005538,177.87321401642453,80.09890746174187,30.850415914498864,106.65565116541053,113.34097328156994,11.337376245951598,130.81404143191133,83.88097235343623,128.18595142698234,15.633815627902386,4.822918373055335,3.4300455188886207,1.3083725745980619,1.87399236044436,1,0,1
44.78653793902674,170.8683395717165,93.72658008415516,33.47308541334024,105.49070714144565,111.22064744513499,12.454985097368704,127.59946664222944,86.0140607288395,126.97067317755977,17.888777008812795,5.681773757506838,3.2482633162189885,1.036036296596163,2.0700252344672156,0,0,0
40.36394046554172,161.972384628785,95.02519741494494,31.275689588106697,104.16517283310685,110.0836641203954,13.049998779798667,131.94369033901464,87.4667133820402,123.232589570225,17.022871098154557,5.3095962490046045,3.461018334580687,0.9020627364437348,2.2373236881451835,0,0,1
41.86789955918474,177.82358979087633,87.63726022173972,31.924851126307132,103.65558475116435,107.12482615991107,12.610093813320125,138.5889060631509,84.44916326858328,122.48675251492475,12.285188991844642,5.44047302855062,3.312880195970073,1.2829617034362575,2.1587767424693656,0,0,0
42.23473025728628,172.8853229077732,91.2167784797779,31.146663237893396,106.80328057450554,111.24242207407545,14.140764947752396,136.5203263979978,82.14863618341204,125.55586747821395,22.250030420852504,5.713289300747511,3.4873416829777355,1.0806164472441717,2.2156252576498034,1,0,1
46.047450158034124,164.89869185210063,100.36982716875141,34.70827702778,100.33989206164912,111.963510160571,10.336677763153652,138.60289950412616,88.28892635123249,130.08085329658655,20.321625680282523,4.810946912670257,3.2009203924646066,0.9377814562733634,2.0024711998864415,0,0,0
45.87536333182724,164.6435492282053,88.0703064786903,31.618135850823133,108.27702708632619,105.96545769807351,12.850305523806194,136.5496414567027,87.72797376890954,148.71681396268596,17.391484921999186,5.1874610474527385,3.295229307686138,1.1974076495151258,2.46292947867904,0,0,0
39.38284787066085,170.07602881598532,85.30450206471698,34.848835565218806,104.19331958290162,112.2692056689796,10.496424929535415,129.23348577161332,81.99704064802695,131.36284226873354,18.181724471330373,5.013990907024275,3.053012662234396,1.2751810825862413,1.8759566658613047,1,0,0
43.28480233299955,171.2422935668731,98.00735701231298,33.3212276431774,101.69475731335875,110.311463804701,13.589654754581003,132.71144849052598,89.94804980386922,136.2882507438762,15.800777677214054,4.6512492011220905,3.3394977169981295,1.1653531441454468,2.2918900742716795,1,0,0
40.99126043575248,169.38104585941844,100.41197595265396,32.82310009100308,104.07495499701466,103.30126976849044,12.564649542669597,130.6891039189714,89.2996954821881,137.84736970554428,21.53553212747091,5.3213484921617225,3.106699740911347,1.1250581936581012,2.4654727732399904,1,0,1
39.344485267973994,170.1791607141002,90.61751835923923,32.65309972097628,110.05002225901902,107.490959956882,13.181531966428942,140.18758706817567,85.67403774036727,135.96145630351091,21.9386637613954,6.079044793054548,3.015786064951402,1.1608765321424912,2.290227023187224,0,0,1
42.46894884872689,179.89970162203466,95.65635517704177,32.69069594732438,103.77632719544323,109.27807786631342,11.641340447292281,128.8144510910816,85.48259251831612,134.50189577491804,18.457473828342227,4.555972789422987,3.4275983443566167,1.135530068511906,2.1193689432337925,0,0,1
42.19455163463254,175.5008020656442,97.3064195776544,29.208491130981585,106.90458766373368,118.48325062936077,14.213357917989303,138.22163960225097,87.14320219890567,126.67694365480527,20.191147660219865,5.188701786132685,3.413821932757298,1.01823434656718,2.037925738334255,1,0,0
50.40014945903656,169.33444913885518,86.88661883730806,31.681674908773868,103.09165303499584,113.15871249813503,13.928069596870623,138.21829241548946,82.18803925410309,145.20049283795447,18.494659929717024,5.424190027276171,3.584862120484572,1.0942383187611482,2.4290219127615638,0,0,0
44.41887947608208,174.5891740653724,88.17251082316065,33.36773695677648,108.30272647473268,105.59057372360044,13.378253163614266,142.43329090772238,85.30911017707429,147.6943765054652,15.470635494097316,5.243077370579663,3.2206623291274705,1.2425535886016577,1.8142562686845816,1,0,1
38.98714749773728,160.7723326753072,96.75341256577366,32.02665422478884,108.04927708576572,112.87664515767055,12.522579303763871,132.35641033316725,77.67065759386786,123.26538914114118,17.32043963392186,5.160405181619491,3.4724158540510266,1.21860142496518,1.927468934905089,0,0,0
41.42567798748717,170.78548934962765,99.02411139354254,29.99221522979464,112.12013091653745,104.74328404424654,13.37382874235416,137.40544971811073,88.27159475926027,127.87579986379532,18.407942305393092,4.745274272793962,3.5152392716820993,1.2001671767160185,2.0706105586270698,0,0,0
46.184149886288196,180.66514444813177,93.41344430087176,32.0213933241338,105.03552619075275,115.2632642155483,11.829728918415181,144.46743326442478,79.73877372145348,133.08532760336095,17.234990934362287,5.281475360029058,3.4834321423494785,1.0605821821775945,2.4794134393779994,0,0,0
49.38532831860977,166.47367873225338,86.19996823248971,34.65615827438324,107.99029181665267,109.0480013927285,13.704666790824856,131.42061245379836,90.46596939950149,128.29223543562864,17.706779816979104,4.935132608044426,3.1023038951593573,1.1582196205437199,2.264941909010224,0,0,0
38.36205006328612,162.06656249966642,100.5343455584972,33.97033757330208,105.99323638838631,110.55795524504332,14.657377073188705,127.29231888610437,84.04857967111742,138.58575887419104,17.961287256830946,4.433527403257506,3.394809044681357,0.9187521944268574,1.9279885603724387,0,0,0
37.48022684458286,163.43537777984858,87.94418551094017,32.006993985950956,110.18555123652055,116.23568659016877,13.962732671975024,125.73995484741505,84.46316556324088,129.9460945831537,17.982329376118255,5.6181072771798055,3.4592420888163984,1.2014171996662466,2.092423073653774,0,0,0
48.73289552611534,160.3725687386033,88.92335109414273,33.527173915587134,103.13408664336944,105.783845725663,11.80247703623111,137.407204129876,83.00693132870423,150.1993924746462,18.248603352844142,5.535435036944715,3.3521535400723828,1.351462924937628,2.0164192139759263,1,0,0
44.28884253211271,162.5066666431061,92.31072917244809,31.550239469447924,108.2575185950705,105.34402725954804,13.111700780727725,125.72582406373635,84.19586394127272,143.37784016040516,16.022876239055975,5.218081341897878,2.724056702488675,1.0031041441549473,1.9925527519416162,0,0,1
40.5151218043709,165.4064433098698,98.36984210357386,29.544192619759922,104.96855946359162,108.59810269461599,11.126230147489624,132.52456426177935,90.16885970801812,136.53201821442548,16.710054073593305,5.280176140871996,3.398146887192044,1.1096886792018692,2.414722389639195,1,1,0
44.723887258367306,158.1610308657495,94.8689198827611,30.71330101780567,105.42534138012026,115.08601540407727,13.364868373410811,136.1679093416753,76.49666970212722,142.23290384323812,15.574917840449238,5.5760113044504465,4.013759311819173,1.2194928134452154,1.8270642176841236,1,0,0
35.21275678294936,168.1093283376472,92.67336750180954,34.4443331527623,105.9711336955693,104.85511569809263,13.218724095435048,135.0332899157346,89.67337885130866,142.78530297050114,20.099717471221577,5.278518879872329,3.2419882193729053,1.330341116131298,2.5721952139335933,0,0,0
43.13012651979148,174.31594021650653,92.91548265059052,31.689010377256047,106.53284138749338,99.60387760755773,10.434220392561404,136.11450188882876,86.38708218385597,131.09636758359227,13.932792488168527,5.51640614416646,3.131576870643404,1.126213046043982,2.3770574225461556,0,0,1
44.10346351852925,161.64570673897157,90.81661334321731,31.734924030937474,105.24319834907315,109.12786456636401,11.283859387305164,135.20030435110382,80.97942423249974,129.33047928820622,20.451267058483026,5.095881229694153,3.4620045679134197,1.0969299604880924,2.4427154176509243,1,0,0
45.892810418613486,178.63498746549237,93.38973757259252,31.65024270558768,106.40149614109684,113.13946319964369,12.338233323907481,139.95489615991025,81.44040662432766,135.59100144078752,20.916785166374865,5.659194308500881,3.4437134631399715,0.94372922291007,2.0542651219936854,1,0,0
40.07831214312238,171.57554461969318,77.95123961152848,34.956204884359515,111.17341320146765,115.73354699895532,12.31696830343101,129.9145762866754,91.0713755952287,141.0754528714856,17.539725197883936,5.312275004076439,3.7078205496249246,1.1924125755169728,2.1325148202302224,1,0,0
43.377061484210074,175.21406409936841,89.116002704651,34.538938373043095,109.09907389965326,109.07985455165841,11.226627677497435,131.1535218769366,81.89472592020043,136.0174227905739,12.93781219619458,5.267918180262056,2.9726395532273338,1.4250491248172492,1.8117120463688219,1,0,0
40.343726121821234,163.39515812303503,91.80564967458389,35.4281703501722,108.69204107373915,109.286793571536,13.144774475222622,130.7230324962813,81.16727321291414,124.00502462466301,17.421465247914597,4.755478618950789,3.5694140757724977,1.213283015435761,2.0388343982332993,1,0,0
43.886151267022946,173.9816765894663,84.84396958190246,31.861432184399924,104.05561165891646,115.54810293702299,12.979768330728616,137.93586315338175,89.18460089827654,129.42422889234408,18.015718049271538,5.300434549005598,3.5271266183754393,1.1773265224979543,2.293413711910788,0,0,1
40.43396103291092,160.3564626972328,92.53065658905778,32.54343673312064,102.53765710120086,103.45353320121832,12.444877041625778,138.2517936477778,86.38893506700069,134.52618995483934,16.12288993199135,4.908815778876942,3.3073560389178365,1.2186498772920382,2.494015765445349,0,0,1
41.89569748251934,174.23173250585558,89.57668389506938,29.825036175868814,108.99355195383214,109.37841689926796,11.771050199809965,136.23051393693328,81.92126048212259,134.51434076971918,17.113649584232693,4.976601045715027,3.451606195376507,1.1786689595261677,1.8932107957993871,1,0,0
40.13255381562931,169.20287537855472,99.37641849157744,34.31540163917741,108.71616377385429,111.69419555970023,13.936448551699877,139.52572150100465,85.96218741391615,148.85179523752865,21.20447676957588,4.914618530089358,3.6588372444795074,1.0824382753287844,2.0786235157536836,0,0,0
45.07340872547097,171.87275853989348,98.46413862607427,30.348330673098097,110.80434736512845,112.72937488514015,14.664488535705955,128.89881609680629,81.61386560725903,125.342084403207,19.473940696452658,4.8268177738352716,3.611694614008535,1.2787935898813245,2.1321751949418695,1,0,1
45.69535334996999,159.77083776062605,88.27001215440917,32.425163345643945,103.5360678091077,108.89327322723648,12.097726219384157,141.7025085019801,89.05687489447911,138.5831246928511,16.294958143092977,5.943669991055937,3.0070942063778814,1.2070913827734104,1.8210526994518785,0,0,0
42.416138290127755,161.73451110406376,89.84485144216652,30.454046208550736,104.84657970623878,111.07026404682337,11.943399699414217,141.05457379770516,88.91879837705596,145.467791758298,14.948888032658314,5.665968671695941,3.5960474560266453,1.1821135902320388,2.3178373104396,0,0,1
43.23471398488008,172.1805975277737,90.22930217195803,31.216699759891956,99.91180543116099,100.97919058634804,13.267449198494397,137.51029898760584,87.0660216958768,150.94414821795957,17.490051736629635,5.872128625750491,3.3305934184902446,1.06295607672661,1.9890024170643477,1,0,0
38.77422575609936,161.3615639704306,88.34074261920188,30.844106353425452,104.27635112878696,108.29950635066461,12.248364744303617,142.21809508946976,86.46981371436455,132.21321803771227,17.717172813148302,4.771986743155553,3.3718622294046545,1.336420951832171,2.121152412205744,1,0,1
42.220970055979635,171.24244404469385,91.57416492014062,31.188187108986273,109.13799678702807,112.74653485021787,12.51072335920412,126.74519556545,91.3681584370358,138.48400616904138,19.13648474657581,5.224938812468813,3.3719590973005085,1.2597643294399732,2.0570126570220304,0,0,1
42.96938614887476,158.43003535477828,86.80762965556204,31.291315945276533,104.01726617270131,107.00332386298129,13.565583782069606,131.83998338681806,85.20290214585879,139.0323225003905,17.073452946713857,4.747272331178567,3.304927103360522,1.1136494995159236,1.9726653735700814,0,0,1
50.98237927308992,173.93721948866667,84.94596332531236,31.277596807612387,107.89167928320289,111.16843688635839,10.386772694991249,130.89113442693122,81.06744056102718,136.41237212087302,19.1670855225729,4.956506792981028,3.7075122491321197,1.3002189824418324,2.1682387536298613,1,0,1
39.78409892267751,159.37233679662043,93.71259611950133,33.35000086767046,104.98323912900767,112.7199900032108,14.259962789823204,137.44665695690804,86.77715869491307,134.35208359132483,22.014394451969636,4.878655555804199,3.3248846120452367,1.1202914993937751,2.1160976053579943,0,0,0
47.51253171625731,171.86609956375668,93.74668792110904,30.44270581040622,106.78419959877547,109.56230319656895,12.76521662919521,129.47436667179034,92.5051646733799,138.09582772650032,19.775088416737702,5.6338544022545465,3.0141361614850495,1.0861595808986755,2.0770355294303338,1,0,1
46.11057632039742,172.379416535522,86.57746120170003,32.4308121405208,101.63308013564517,111.61435508398628,12.184208226525385,137.6087281720187,81.65234177384951,117.31827740346219,18.04790935718763,5.061319612664384,3.2319410432090816,1.0888356259023655,1.9878845945799142,0,0,0
43.961909213470406,163.12259727099297,95.07581715381299,33.92693872845834,105.94823307371865,107.08156973886156,12.570919014934262,140.3674126479852,83.93888031657104,139.8184864304384,17.777785429742586,5.573932766792906,3.4036084150431427,0.967471773629429,2.249881167695739,1,0,0
48.3958614525854,172.0741859695931,87.44115135417333,31.330205453229908,95.18102410184747,110.10605488121581,12.632915226024624,137.32841305037797,86.66156113335508,135.92724532563375,17.430740103489434,5.411442311355981,3.718764435289115,1.2365850856501845,2.583404317123071,1,0,1
44.23631641782059,169.8230958433349,91.8648661901899,31.023121663878598,104.99586344643306,113.3733646783569,10.600558435866091,135.47687960647676,85.0153330284799,133.48667572255212,20.505368196753466,6.006273563236676,3.53092840548465,0.960262614599398,2.204971808209782,0,0,1
44.287477587003785,164.22810700665084,94.70076006306226,31.754213062229624,99.94334364699702,111.56039184387375,14.471925872943883,129.75456996594662,81.7659374686794,149.37203537003688,16.88945947994657,4.6821945219010965,3.094839416375887,1.0325867402481084,2.419029553727782,0,0,1
42.96063804094736,160.94011721146654,90.43097717648142,33.86958781254107,109.87098080791387,108.58637492174427,12.727590758724743,130.38917065243584,89.13050249680664,130.3194618684661,18.234531789849143,5.6407316339253795,4.095556975003667,0.930929438910576,1.8224445187116343,0,0,0
46.79070664725588,154.26162015829195,92.87274456070566,32.39116144643004,108.3709257346758,111.82936561716318,13.20960255653685,139.823285073835,93.3241425270604,132.22246807654477,18.246482175611348,5.601254304640255,3.429432593293394,1.1696716368650928,2.2094403598234424,1,0,1
46.40940770143265,170.44755033109786,88.01689178056213,31.303178558088604,107.28334843688128,113.79093916254648,13.819859724688852,137.70707051757398,85.89046010658367,148.98487311543312,17.14051798622611,4.859317406690538,3.7326172213997046,1.1619615447673752,1.8956579202572332,0,0,1
41.24296813751136,157.04638060046562,89.6167070828595,32.82581497678206,110.97352179505783,102.73273488569009,11.452605050927641,134.02441216280104,82.03976098592399,129.219570866051,15.399155276080975,5.552496667765606,3.3044856699268315,1.1407964544176363,1.8007687681170246,1,0,0
39.1622584162037,168.66740939608917,89.56974284559828,30.446561775245367,102.32879217711307,115.5687962598236,13.246166278842274,132.3194070440535,79.78263816231284,131.1931930194442,18.790035379084514,5.31765073705918,3.510007773411635,1.0548906766395307,1.9851571481352408,0,0,0
42.511058087813026,166.15586248742426,86.8661482672988,33.12203926566443,111.76577119270446,109.58748104527572,12.356830690921448,125.0838645709988,86.10691593427413,134.01482203598403,18.02207842813841,5.120383309016307,3.6018405513555214,1.0393319495876032,2.4679748336033933,0,0,0
40.71988430680706,172.75399942806737,89.71516918442107,32.71291096155265,108.91267047491135,112.63445973296092,13.694124930259793,129.38116411592,89.0675707016069,140.92914137490683,19.144567310722316,4.9116225795598005,3.7154584135262767,1.235724383625589,2.4075039571674113,0,0,0
42.92942627615393,165.88568150357096,82.85594850568125,31.638287293291675,104.8220564947337,115.72148769458092,10.125327095578207,142.80138589212874,86.86708711273383,136.4986175514732,17.076885758970842,4.948311691992785,3.6672104916134676,1.1139337681949815,2.2307511805135998,0,1,1
46.83231440405241,165.69386549557035,88.14327126428947,30.842121302329154,109.62467051514031,105.44580521107814,12.559086839710478,128.43794993048888,85.19558655678401,125.99562256993414,20.585728969475273,5.917434233525074,3.6116591000218934,1.2179629985843372,1.7868248600275172,0,1,0
41.74809503473963,173.12309493001806,89.17466253315163,30.769978616574814,101.77797270655928,108.09473599028982,11.954615213059247,135.05265919549484,83.14154921873742,131.31882005810965,16.390538809425486,5.200238986635119,3.2554739806417676,1.0737701576650933,2.1209298371530156,1,0,1
42.99152985606527,170.34540620358882,89.3181412375231,32.902226004518866,102.76420043465315,109.77830521649719,13.196715540760987,138.73349787937838,81.38142728548668,130.7925189675145,21.56816693988496,5.473745500536011,3.1784761874131817,1.2017275291325298,2.2454250022254336,1,0,1
43.29406820442518,170.21309170027945,89.3915527706461,33.94347075373359,103.51993596866106,107.79748591550229,13.242053024841843,128.55284799398967,88.12562964213708,134.50345268343867,14.648813352192654,4.923185216416357,3.4497822530972595,1.3363933644779276,2.213884057394649,0,0,0
45.66529264661585,171.28487312865968,90.29021900069934,31.14403837945681,103.79857802177595,117.87224630334724,11.828848926213569,135.03119713651486,88.40220067484954,138.02490561040878,19.01362650096296,4.927051468822427,3.6299384217023207,1.250339896047134,1.7090516041298134,1,0,1
36.37933199804618,157.25099513755026,92.9962475904303,32.787580055327226,101.95204825033912,107.50541162469284,11.82339136298875,138.42061991879794,79.79394574658242,137.9714402912158,19.094947736902423,5.5786946832374795,3.283183789767018,1.1305103418140223,1.947420537995032,1,0,0
41.29989911570411,173.29752075990888,94.9716253706626,28.969459472096897,109.93079073483364,108.71031288205253,12.545201557731206,134.25624694858263,90.76843642363238,122.61191772166117,16.552972235967413,4.727648325956964,3.669551589714316,1.2108638764427113,2.1539805589628207,1,0,1
43.753851076838416,172.28728155809523,87.35021386575865,31.2230734040142,104.74400959870559,111.7500561264119,11.602029327221752,147.10781375050044,87.213249273129,142.49158691292598,18.9928742475712,5.054675181233155,3.785785023645854,1.1511201790563743,2.3040727273792974,0,0,0
46.72023686928058,160.88321809996452,84.58303572305427,32.05341160069365,106.88376738924909,106.12390189569565,13.688380434542553,126.6913033350481,90.10258125801028,136.81198192197635,20.703123711369493,5.211909593875282,3.075103724277974,1.1809456221633674,1.6209680447250134,0,0,1
41.64429265748138,166.2914366842806,85.38881793878447,30.735474874527252,103.65377021755212,109.34977715297495,12.234951359463066,138.96427838447744,80.5065528803021,144.73572433315732,13.710448693141048,5.238980410644018,3.098923788861116,1.1409266737421795,2.1294690061300354,0,0,0
37.49034188187437,167.7248489866066,88.16302539402535,30.695240437815606,99.27788844808019,112.20231304500071,9.189614136814031,133.4223921817159,80.42361545604595,138.15338829103467,19.149575986830808,5.137317350244346,3.307887482328399,1.160279775293753,2.205762192469738,1,0,0
44.97913433789841,167.05852250918787,88.83943341091744,31.098330665296672,106.59520075436998,109.60105838246996,12.228213532053834,137.67364069676503,84.68260741581446,142.7532607041503,13.157544731189022,5.3385369233835736,3.442283800456759,1.205451202368901,2.382402997129053,0,0,1
41.21391283352311,170.33701976597973,86.7490596690127,32.53828909248956,98.95710758603079,110.55895256440022,11.431747414987234,136.1858821826466,86.96374549413318,138.30981718015087,16.212756764802762,5.442499514536234,3.1926298958698847,1.0607969560501658,2.343214396059359,0,0,0
39.551000022728914,178.0195674728183,84.11845667875052,31.819006472390438,105.40978083870087,108.81517155020651,10.720469021446867,130.900797113005,91.49126288024436,144.46758029341922,21.402419101651066,5.457123140910766,3.7556608036601435,1.0580945407612026,2.315642829702201,0,0,0
41.246963830860324,175.5723670937098,88.31843586262904,28.742653150012544,100.86089736408516,104.87461876327694,11.193088034132915,135.230483766067,87.67527619835295,138.69975445212444,16.98052230506507,4.854968666966261,3.4772200584555355,1.0133748935402547,1.9700148733245164,0,0,0
42.566423927032446,158.81446564598016,91.50617310056984,28.9189497710474,112.60546599730783,112.21887284535696,12.809290166199565,125.8394434687077,84.35461553115788,134.35859327489965,15.796326443031232,5.100545715724921,3.361834114472222,0.9879674674595548,1.692999465719173,1,0,1
